Country,Year,forarea,forvol
Germany,2000,11.354,3381.0
France,2000,15.288,2254.28
Italy,2000,8.36925,1058.71
Sweden,2000,28.163,3184.67
Germany,2020,11.419,3663.0
France,2020,17.253,3055.83
Italy,2020,9.56613,1424.4
Sweden,2020,27.98,3653.91
